code,id,keyphrase,country,dead_drop_long,dead_drop_lat,days_since_last_contact
Tango,42,India,China,116.97413,38.947512,6453
Foxtrot,183,November,Russia,44.8250459,48.7736083,6180
Juliett,82,Whiskey,Panama,-81.0423429,7.9819981,9767
Zulu,100,Alpha,Indonesia,109.1434108,-7.4289773,7747
Oscar,191,Yankee,Canada,-112.4800499,54.1100086,1545
Hotel,144,Delta,Portugal,-7.8123805,41.0953745,643
Papa,30,Golf,Germany,12.8945945,50.7868675,7920
Whiskey,112,Papa,Philippines,120.6213379,14.8572534,2399
Bravo,36,Charlie,China,113.609286,33.437877,3360
Delta,128,Kilo,China,117.1199596,24.1092009,2294
November,189,Oscar,China,119.113185,33.551052,4394
Mike,56,Golf,Poland,20.5190522,49.4395013,7348
X-Ray,140,Uniform,China,126.049702,44.988449,3666
Romeo,56,Echo,China,110.73404,29.673196,7859
Golf,75,Sierra,Cuba,-82.3343375,23.018033,8029
Uniform,121,Uniform,Bulgaria,25.5719576,42.1400691,5900
Lima,153,November,China,116.642424,23.528764,8516
Hotel,107,November,Finland,29.2055142,62.1738098,9485
Golf,195,Yankee,Ireland,-6.218069,53.374266,155
India,25,X-Ray,Russia,107.3956619,50.1601386,4757
Alpha,51,Quebec,China,113.209606,22.025118,289
Whiskey,137,Yankee,China,108.386208,34.481455,1639
Hotel,43,Alpha,Philippines,121.0404991,14.5925105,1375
Yankee,143,Tango,Indonesia,107.9005972,-7.1056569,6045
Charlie,87,Kilo,France,3.5751746,47.794456,6552
Juliett,92,Whiskey,Serbia,19.6907882,44.7488612,7881
Romeo,187,Whiskey,Guatemala,-91.5850599,14.5791223,9589
Kilo,43,Oscar,Canada,-124.01982,54.01657,5396
Tango,19,Lima,Serbia,20.4734419,44.8158674,7312
Lima,182,India,"Bonaire, Saint Eustatius and Saba ",-68.2713254,12.16219,6749
Victor,3,Juliett,China,119.745363,32.770894,4577
Papa,121,Alpha,Indonesia,113.8614481,-7.0197713,7065
Golf,28,Hotel,Colombia,-75.4636031,9.2718747,2703
Tango,197,Whiskey,China,113.751799,23.020673,5109
Juliett,134,Yankee,United States,-77.0336768,38.8987281,8705
Quebec,106,Whiskey,Israel,35.40461,32.890704,8902
Kilo,180,Oscar,China,108.019549,35.819227,2034
Yankee,57,X-Ray,China,119.976948,31.918232,6448
Quebec,134,Lima,United States,-117.0697958,32.5746598,8374
Uniform,64,Tango,Indonesia,113.5520176,-8.1992561,2823
Lima,34,Romeo,France,3.1602637,45.7867643,3248
November,125,Uniform,Brazil,-42.462843,-22.868411,5539
Victor,81,Yankee,Poland,20.8093376,49.8557953,5031
Lima,101,Romeo,United States,-97.0821162,33.1362221,1390
X-Ray,113,Echo,China,121.526733,31.208465,2345
Hotel,97,India,Vietnam,108.1665855,15.6848385,1772
Bravo,129,Kilo,Vietnam,105.7704551,20.7337728,4596
Kilo,8,Golf,Croatia,16.5396362,45.2280258,3165
Juliett,95,Quebec,Malta,14.510096,35.880105,7275
Echo,103,November,Brazil,-40.7361322,-18.9732399,4896
Mike,98,Hotel,Mongolia,105.3215372,44.4249036,2301
Quebec,136,Yankee,United States,-118.7,34.28,1299
Hotel,100,Golf,Chad,19.6907146,13.292049,6230
Golf,141,Juliett,China,108.3323803,22.803694,3847
Tango,104,Echo,China,116.787128,32.573115,9601
Quebec,38,Hotel,Oman,58.1252383,23.4069561,9727
Bravo,90,Victor,Finland,22.6282967,60.955867,6912
Mike,193,Romeo,Argentina,-58.4809081,-34.6492768,1171
India,124,Yankee,Thailand,101.4112049,6.6802044,1373
Golf,141,Charlie,China,114.722326,41.149869,2748
Mike,78,Victor,Colombia,-73.818222,5.312024,2343
Golf,194,Delta,Sweden,21.1427073,65.3418445,4380
Lima,99,Yankee,Argentina,-65.2844271,-24.1955744,8300
Uniform,110,Quebec,Myanmar,97.6439611,16.4543173,6742
Zulu,190,Zulu,South Africa,28.7649835,-31.5720128,7593
Kilo,128,Romeo,Panama,-79.2906747,9.0835262,4636
Zulu,147,Bravo,Colombia,-73.0287209,5.8765279,413
Zulu,171,Zulu,Japan,135.4203895,34.7791206,5212
November,184,Yankee,Swaziland,30.9962356,-26.5380011,5866
Tango,176,Sierra,Russia,37.1465904,55.9835962,2092
Hotel,1,Delta,Czech Republic,18.2400902,49.89042,5061
Zulu,196,Yankee,Russia,37.6032435,55.6761482,9812
Hotel,21,Delta,China,110.90203,28.127664,9962
Golf,149,Victor,Brazil,-39.7755571,-3.2244045,8547
Juliett,110,Charlie,Albania,19.7398213,40.7511134,9101
Whiskey,57,Sierra,Thailand,100.9637456,13.4932664,1033
Echo,196,Yankee,China,102.733854,24.178434,6635
Golf,84,Quebec,China,108.93977,34.341574,8588
Romeo,36,Delta,Argentina,-61.1763962,-26.5044407,4610
Papa,197,Juliett,Norway,10.4024274,63.4400274,8375
Victor,23,Bravo,Czech Republic,15.9899272,48.9873647,3272
Romeo,103,Tango,Uzbekistan,71.8334145,40.5270236,1884
Sierra,4,India,China,113.643076,28.162833,5876
Echo,161,X-Ray,Russia,61.6905815,57.3579277,6827
Alpha,40,Bravo,China,93.016624,43.598763,4594
Romeo,141,Golf,Russia,46.1136773,51.4753297,87
India,22,Oscar,Poland,14.8755999,52.4530993,1948
Yankee,3,Kilo,Ethiopia,39.5200688,12.5073384,7353
Delta,83,Uniform,Indonesia,95.9145568,4.4715955,212
Romeo,52,Alpha,Botswana,25.0288051,-24.097317,9557
Mike,125,Charlie,Poland,21.5766828,49.7306956,4197
Romeo,55,Zulu,China,106.021015,25.578207,5701
Golf,122,Whiskey,Philippines,123.616147,9.92676,8211
Foxtrot,2,Hotel,Indonesia,112.5364292,-6.9860581,6773
Foxtrot,195,Bravo,Philippines,122.0953896,11.5294306,5369
November,154,Delta,Indonesia,112.054703,-6.921715,3547
Bravo,47,November,Peru,-76.9700669,-6.0419882,3338
Yankee,153,Uniform,Canada,-53.11474,48.64989,5795
Oscar,103,Alpha,Sri Lanka,80.284415,5.995876,2085
Juliett,53,November,Chad,17.5505152,8.9172672,4072
Victor,110,Kilo,Ukraine,35.0863723,45.0274234,310
Lima,95,Uniform,China,114.1002135,22.916134,8046
Hotel,175,Foxtrot,Indonesia,113.4874,-8.2867,2568
Mike,79,Quebec,Jamaica,-76.5228101,17.9618459,794
Hotel,140,Oscar,China,116.694183,30.124428,287
Quebec,180,X-Ray,Indonesia,115.169522,-8.714498,4676
November,75,Quebec,Sweden,13.953453,55.5449766,5481
Kilo,171,Whiskey,China,115.027634,23.067896,678
Romeo,129,Sierra,Latvia,24.8770839,57.767136,1192
Uniform,41,Zulu,Indonesia,112.0744643,-8.2412718,8925
Zulu,60,Charlie,Philippines,121.1498452,13.8015693,3002
X-Ray,95,Golf,Germany,13.4413606,52.5433958,1514
Alpha,120,Whiskey,Armenia,44.5395836,40.8021951,9504
Whiskey,120,Kilo,Russia,32.3912619,53.0175632,7237
Zulu,179,Juliett,Canada,-79.6558242,43.4794825,1818
Delta,33,Echo,Latvia,21.8525134,56.4177803,8135
Juliett,199,X-Ray,United States,-80.109357,26.5114554,7435
Tango,175,Foxtrot,China,121.510319,31.123351,6254
Tango,121,Papa,Indonesia,95.4201377,4.8666221,9887
Bravo,112,Juliett,Indonesia,111.4931,-6.7353,9414
Foxtrot,40,Golf,Portugal,-8.7978131,39.8329746,2644
Zulu,21,X-Ray,Greece,26.1722017,40.8942408,2919
Charlie,27,Juliett,Czech Republic,17.4637476,49.3168925,1980
Papa,159,Lima,Venezuela,-65.7698663,9.2727457,1401
Juliett,135,X-Ray,Brazil,-41.5091004,-17.8599943,3613
Delta,110,Kilo,Portugal,-8.3509957,41.707342,8046
Juliett,3,Lima,Sweden,17.847373,59.2552832,1018
Lima,122,Whiskey,France,2.3501981,48.8693156,932
Mike,118,Whiskey,Thailand,102.7594847,14.0838656,2702
X-Ray,122,India,Russia,44.8250459,48.7736083,7853
Lima,30,Tango,Russia,88.5278663,56.1263981,5975
Sierra,91,Lima,United States,-96.5996963,40.9112418,4156
Yankee,190,Whiskey,Philippines,120.3136139,5.3741665,8986
Oscar,85,Juliett,Poland,20.7162493,50.0695752,1909
Mike,194,Kilo,Ukraine,23.4764363,48.3018611,1714
Charlie,99,November,Russia,30.4044635,59.7205546,289
Zulu,144,Quebec,China,117.652349,27.570531,6038
India,29,Hotel,France,5.9294606,43.1283145,7998
Yankee,198,November,Uganda,33.20608,0.22216,3267
Sierra,54,Juliett,China,113.778639,26.480043,8871
Yankee,118,Oscar,China,117.26467,31.878735,6903
Delta,132,Yankee,Indonesia,116.195655,-8.602068,7084
Alpha,95,Lima,Finland,21.6601286,63.0706703,8271
Uniform,87,Oscar,Netherlands,4.5789114,52.4500648,1614
Victor,33,Romeo,Germany,11.0986834,49.4904742,1626
Tango,180,Juliett,China,117.062623,30.543283,774
India,5,Echo,Ivory Coast,-7.3570576,4.4279197,3871
Hotel,181,Victor,France,2.3081396,49.8905368,678
Hotel,174,Alpha,Czech Republic,14.034461,49.9498112,2283
Bravo,164,Papa,United States,-80.3352364,25.5527232,556
Lima,149,Zulu,Canada,-77.13275,44.00012,2241
Victor,174,Oscar,Japan,137.7446478,34.7326539,9749
Tango,11,Foxtrot,China,115.408747,37.359264,6140
Mike,42,Bravo,United States,-76.99,38.92,4881
Alpha,63,Kilo,Syria,36.2861306,33.5210036,4853
X-Ray,115,Victor,Dominican Republic,-69.9002083,18.4748726,3170
Hotel,68,Charlie,Russia,41.9106435,43.8231125,45
Tango,180,Golf,Serbia,19.7556505,45.3125176,5191
November,53,Papa,Malaysia,101.7178316,3.1523104,8630
Golf,127,India,China,117.245497,28.292519,3200
Yankee,30,Quebec,Russia,44.994265,44.3239335,6571
Lima,133,November,Ukraine,25.7276661,50.1078135,6114
Kilo,32,Papa,Bolivia,-63.5186518,-20.4557393,5832
Sierra,135,Quebec,Brazil,-44.8721875,-3.4603809,1560
Zulu,18,Oscar,Finland,28.0739477,61.1521338,7337
Papa,109,Zulu,United States,-119.7634857,39.1645065,9085
Whiskey,29,Charlie,Brazil,-47.5720968,-23.6443472,4806
Romeo,24,Romeo,Poland,22.561217,51.64438,2014
Oscar,156,Delta,Armenia,44.0769342,40.6573682,5156
Uniform,197,Lima,China,103.84998,24.601408,1170
Quebec,174,Zulu,Armenia,44.6549599,40.2649385,9485
Hotel,53,November,Ecuador,-78.1507423,0.0319573,6541
Delta,29,Lima,Netherlands,5.8271439,53.2065166,4869
Charlie,27,Yankee,Finland,23.5960975,61.549558,7167
Whiskey,168,Alpha,Norway,10.3996452,63.4107694,3253
Papa,64,Quebec,Indonesia,111.1980575,-6.8364154,5301
Lima,89,Lima,Indonesia,124.5694514,-9.9925241,1134
Zulu,146,Romeo,China,110.790339,29.275625,1916
Sierra,80,Oscar,China,108.960747,34.26645,5876
Echo,135,Bravo,Brazil,-49.8569266,-21.5354088,8256
Quebec,2,Zulu,Azerbaijan,49.8051354,40.4385006,8338
Echo,108,Kilo,Russia,42.6645851,50.52546,3918
Tango,66,Victor,Vietnam,105.7381017,10.0622567,6923
Zulu,2,Victor,Brazil,-35.825399,-9.5715752,8993
Uniform,67,Zulu,Portugal,-8.4250467,40.9178949,9358
Sierra,117,Lima,Poland,17.8643499,50.35349,5557
Papa,35,Quebec,China,104.0779484,30.6569282,7341
Uniform,24,Charlie,Colombia,-75.194595,3.799339,7578
Kilo,195,Delta,Vietnam,105.9714566,20.0045547,1006
Juliett,3,Zulu,Argentina,-64.2942977,-31.324922,5275
Kilo,29,Mike,Philippines,121.622089,16.9126068,5116
Papa,115,Tango,Canada,-112.6338496,49.7154966,5423
Yankee,183,Yankee,China,112.864561,36.837625,2835
Sierra,69,Charlie,China,120.2504861,36.2863829,334
Victor,17,Golf,Portugal,-7.0530281,41.1731486,3037
Lima,91,Lima,Sweden,12.0018674,57.6809089,4243
Bravo,186,Echo,North Korea,129.723402,41.7669671,7577
Papa,84,November,Sweden,12.2530819,58.3410191,1
Charlie,184,Juliett,China,103.467868,34.839635,2707
Papa,116,Victor,Canada,-52.7383086,47.6593594,6884
Oscar,129,Juliett,Albania,19.6460758,41.786073,5188
Quebec,156,Juliett,Tanzania,39.7433571,-4.9426131,6855
Hotel,131,Victor,China,112.141238,27.432184,6472
Zulu,43,X-Ray,Philippines,122.8454491,11.0657173,4350
Uniform,162,Quebec,Russia,61.3976419,57.1101387,6476
Tango,5,Charlie,Indonesia,115.2402986,-8.615202,6266
Golf,139,Delta,Bulgaria,23.3695036,42.6700312,555
X-Ray,123,Papa,China,114.040353,30.63166,1009
Alpha,63,Whiskey,Poland,20.0926064,49.6076079,3457
Tango,51,Foxtrot,Ireland,-6.5028415,53.3806398,9313
Echo,91,Quebec,Macedonia,21.7152906,41.9562157,7628
Foxtrot,174,Victor,China,114.415801,23.112257,5435
Charlie,22,Golf,Finland,29.9016349,62.416327,225
Mike,135,Golf,Mongolia,97.61861,48.64278,4647
Alpha,193,Lima,Indonesia,109.1508428,-6.8582288,9323
Mike,118,Yankee,Mozambique,33.544808,-24.6967014,5238
Charlie,189,Alpha,Indonesia,107.2666396,-7.2929068,4056
Whiskey,145,Mike,Ukraine,23.6456444,49.2334774,8035
Kilo,20,November,Honduras,-87.6519473,13.2916538,2032
Uniform,9,Juliett,Iran,45.0304001,38.8884333,5423
India,185,Delta,China,117.500558,40.417358,1681
Juliett,22,Bravo,Malaysia,101.1064003,4.6096768,9135
Sierra,60,Quebec,Poland,18.4823439,54.5997042,7633
Victor,32,Delta,Russia,140.26989,49.03737,3423
November,7,Lima,Portugal,-8.2803826,41.2600949,8321
Uniform,92,Papa,Indonesia,115.136457,-8.577582,5011
Oscar,7,Romeo,Afghanistan,68.95524,34.58469,5655
X-Ray,77,Foxtrot,Czech Republic,17.1656129,48.9200144,1753
Delta,105,Alpha,Russia,29.1348316,60.9464266,4490
Mike,76,Hotel,Serbia,19.3765006,44.7791213,4777
Delta,114,Whiskey,China,113.234549,23.2905,829
Echo,92,Uniform,Canada,-73.9319061,45.4235609,4396
November,101,Whiskey,Portugal,-8.41643,40.0341373,1927
Kilo,55,Delta,Samoa,-171.8556172,-13.7994093,7734
Sierra,1,X-Ray,China,112.292967,22.879419,2880
Kilo,67,Mike,Canada,-53.08135,48.51659,2636
November,194,Sierra,Russia,30.9877334,60.0828404,1043
Quebec,106,Hotel,Germany,12.8945945,50.7868675,3815
Echo,103,Foxtrot,China,108.249509,31.364902,820
Golf,115,Romeo,China,110.393844,28.452686,8560
Lima,102,Zulu,China,122.120419,37.513068,2546
Zulu,142,India,Portugal,-8.4313535,41.0043316,7495
Charlie,89,Kilo,China,112.677965,23.04421,3247
Charlie,87,Delta,Greece,20.8728543,37.7582938,4443
Papa,84,Mike,Poland,23.083666,52.2060223,2858
Zulu,116,Kilo,Czech Republic,16.2335098,50.5368675,3670
Golf,130,Oscar,Poland,15.3368765,50.9060529,1983
November,3,Victor,Indonesia,112.7137227,-7.3024274,7554
Bravo,117,Kilo,China,113.734466,23.030446,6865
Alpha,167,Papa,Poland,16.2304569,51.31653,809
Lima,97,Victor,Ukraine,37.1847804,48.282193,5497
Sierra,109,Kilo,Peru,-76.2899071,-6.7764491,8899
Zulu,125,Victor,China,102.478494,24.919493,1688
Oscar,7,November,Indonesia,98.1120116,2.298952,3334
Romeo,191,Golf,Tunisia,10.7492466,36.4626965,8208
Romeo,191,Tango,Russia,150.8301413,59.5611525,6883
Mike,23,Tango,Sweden,18.6130609,60.0410708,4113
Delta,38,Whiskey,China,104.308675,24.884626,6259
Alpha,27,Papa,Canada,-79.5079073,43.798329,1580
Kilo,20,Yankee,Saudi Arabia,41.9196471,27.7076143,1387
Tango,156,Delta,Indonesia,110.4649383,-7.8862987,612
Foxtrot,197,Juliett,Indonesia,103.517665,-3.8553872,5894
X-Ray,77,Yankee,Pakistan,66.6116916,27.8120208,4705
Echo,108,Golf,Cuba,-82.2936293,22.6875359,5058
Foxtrot,164,Delta,China,113.366904,22.948016,4121
November,125,Mike,China,115.444319,27.318852,2289
Foxtrot,93,X-Ray,Russia,42.0889476,47.6451517,5750
Tango,57,November,Czech Republic,15.0839052,50.578132,1331
X-Ray,170,Oscar,Germany,8.402137,49.4603474,9309
Whiskey,188,Sierra,China,106.273576,29.741986,708
Juliett,3,Mike,Bulgaria,23.4195159,42.8004655,2417
Echo,146,Zulu,East Timor,126.4553727,-8.4731006,2765
Charlie,45,Victor,Brazil,-46.6512239,-24.068741,5217
Romeo,10,Whiskey,Afghanistan,67.68758,35.17835,4288
Charlie,17,Hotel,United States,-77.0091334,38.8993417,4091
Golf,21,Zulu,Indonesia,115.1831787,-8.6186415,2153
Bravo,109,Charlie,Yemen,50.580869,17.4561766,9535
Foxtrot,180,Bravo,Peru,-77.1657716,-11.806679,872
Mike,150,November,Portugal,-8.5720706,40.2758091,4283
Delta,25,Bravo,Thailand,104.1331684,17.1566617,925
Juliett,144,Romeo,Ukraine,36.162836,50.072026,4277
Echo,15,Hotel,Greece,23.5288412,37.9334705,4345
Tango,158,Lima,Russia,56.4158867,58.3971367,1279
Juliett,61,Quebec,Poland,20.9183286,51.7565958,6205
Lima,1,Quebec,Dominican Republic,-70.0347754,18.8121479,9365
Juliett,97,X-Ray,Greece,22.7599084,37.9761732,6684
Zulu,178,India,China,86.303,28.003,3725
Zulu,172,Yankee,Ukraine,35.1072745,47.1844184,3463
Whiskey,170,Romeo,Sweden,18.6667119,64.58897,8561
Lima,59,Alpha,Indonesia,99.2037508,1.1704451,5493
Alpha,132,Uniform,Portugal,-8.7426101,39.4723517,2409
Victor,82,Sierra,Iran,51.7862672,35.4245642,9132
Oscar,137,Victor,Indonesia,108.3207992,-7.3639966,4092
Sierra,9,Kilo,Peru,-70.4083333,-17.2425,3611
Uniform,123,Sierra,Azerbaijan,46.8429953,40.5851643,8821
Echo,3,Hotel,China,118.626991,28.73733,1531
Papa,189,Lima,Indonesia,117.4615118,-8.6601628,9464
Romeo,175,Foxtrot,Ukraine,27.7666835,49.9194173,4472
Yankee,186,Zulu,Russia,32.721561,55.045149,1619
India,148,Zulu,Ireland,-6.5924609,53.2482376,1411
Foxtrot,33,Sierra,Indonesia,114.0369075,-8.557437,2673
Victor,111,Juliett,United States,-80.298025,26.0799319,4045
Hotel,147,Alpha,Greece,21.81667,37.28333,1639
Lima,56,Uniform,Indonesia,110.6735079,-6.8348685,2260
Victor,200,Bravo,Greece,23.7536323,38.0426062,4287
Juliett,98,Hotel,Canada,-52.7383086,47.6593594,4128
Echo,127,Uniform,Indonesia,96.0440964,4.3809566,6190
Papa,7,Whiskey,Russia,44.1385479,56.3452088,8319
Kilo,71,Romeo,Sweden,18.0470069,59.3257766,6530
Alpha,38,Zulu,Philippines,120.7469,16.959,6655
Kilo,192,Hotel,Nigeria,4.3000211,7.6497516,6575
Juliett,5,Delta,United States,-96.7413706,32.765421,2980
Delta,34,Bravo,Indonesia,119.9740534,-9.6993439,5513
Whiskey,110,Sierra,Russia,37.3582146,55.6587901,6999
Uniform,162,Yankee,France,4.0664945,44.3543084,557
Mike,44,Romeo,France,0.8648422,47.8632224,3684
Golf,44,Victor,Argentina,-58.5704426,-34.7430691,8817
Bravo,47,Charlie,France,2.2372792,48.890054,3815
Juliett,167,Hotel,Russia,33.3096133,68.1416652,9498
Charlie,158,Romeo,Argentina,-64.2545133,-31.3927967,1629
Papa,157,Echo,Bangladesh,88.3831008,25.9567729,7591
Zulu,57,Foxtrot,Brazil,-51.0527244,-23.2664186,1563
Victor,50,Hotel,Russia,79.7893754,51.6781161,8044
Delta,177,Sierra,Brazil,-41.843571,-13.65232,2476
Zulu,84,Lima,Portugal,-8.3013935,37.1623309,918
Alpha,150,Alpha,China,120.1672735,30.2733296,4130
Mike,3,Lima,Sweden,16.0115323,56.412767,2174
Hotel,69,India,Guatemala,-90.9550367,14.5019116,7683
Charlie,179,Charlie,Liberia,-10.0303723,5.887247,5202
Golf,59,Quebec,Nigeria,7.3408535,5.8192832,1470
X-Ray,24,Juliett,Mongolia,108.3006134,46.5736928,3252
Juliett,196,Quebec,Nigeria,13.2605763,10.2603809,7967
Alpha,159,Zulu,Indonesia,120.4559258,-8.6423128,9198
Whiskey,60,Uniform,Ireland,-8.958931,51.904635,3425
Victor,9,Lima,France,6.1250598,45.925854,7184
Uniform,176,Sierra,Sweden,13.2348803,55.4024162,768
India,23,Echo,Russia,37.621698,55.86328,3254
Uniform,165,Victor,Russia,42.1747981,57.4388568,5907
Hotel,134,Whiskey,China,106.854376,22.342771,9138
Mike,121,Papa,Japan,140.2790754,38.3613687,9038
Lima,194,Alpha,Indonesia,107.6039392,-6.8958354,4092
Golf,175,Foxtrot,Palestinian Territory,35.227727,32.457509,3796
Alpha,114,Bravo,China,121.5830108,38.8812423,957
Charlie,77,Tango,Russia,39.7571015,44.9293507,1159
Oscar,120,Charlie,Nigeria,5.1249662,7.6705223,3879
Quebec,82,Romeo,Russia,42.8455406,48.6085692,2344
Bravo,196,Juliett,China,106.292697,28.206189,5315
Uniform,55,India,Greece,26.2072301,39.233118,1205
Romeo,185,Lima,Norway,10.7559072,59.9531666,4595
Romeo,15,Zulu,Japan,133.5775129,34.687701,7716
India,117,Charlie,Philippines,124.635164,8.4937903,839
Foxtrot,93,Mike,Thailand,100.5108479,13.7514954,6930
Lima,107,Bravo,Philippines,120.82759,14.265684,4904
Quebec,124,Juliett,Ukraine,36.0503448,49.8060262,2622
Victor,151,Echo,France,5.8805771,48.679041,4507
Zulu,100,Victor,China,110.359368,21.270702,7007
Zulu,174,Lima,Slovenia,16.197814,46.5193583,5319
Papa,141,Mike,Brazil,-36.6602483,-6.6858425,5445
Victor,160,Juliett,Cambodia,104.3791912,11.6155109,9729
Romeo,118,India,Kuwait,48.1239894,29.1070609,1174
India,20,Juliett,Ukraine,27.0559924,50.1757487,9643
Kilo,178,Tango,Portugal,-7.0611673,39.0145274,5851
Romeo,133,Tango,Sweden,15.3137401,56.2270517,3691
X-Ray,185,X-Ray,Philippines,120.6085163,17.460265,7331
Bravo,27,Papa,Japan,138.7970925,37.7378509,8571
Alpha,32,Alpha,France,6.1356499,43.1286974,1914
Lima,105,Oscar,Argentina,-58.8423829,-34.6961915,7565
Uniform,155,Whiskey,Iran,59.8468432,35.7017899,3843
Golf,70,Romeo,France,6.1650769,49.1199699,3273
Zulu,79,Foxtrot,Sweden,18.0930966,59.3366653,1564
Uniform,107,Bravo,Indonesia,123.409084,-10.6235959,9230
Echo,195,Hotel,Brazil,-49.0817124,-19.6818529,6987
Victor,135,Charlie,Sierra Leone,-12.5355393,8.6881283,9832
Victor,84,Papa,China,120.494295,36.091367,18
Bravo,26,Whiskey,Armenia,44.4226861,40.8381534,7354
India,187,Echo,Brazil,-35.9701874,-8.2849639,608
Oscar,37,Hotel,Tanzania,36.8398354,-3.380978,7164
X-Ray,18,Tango,Pakistan,72.4228661,32.454801,340
Charlie,70,Juliett,Solomon Islands,159.9728999,-9.4456381,4417
Lima,176,Golf,Pakistan,68.3122196,25.3681203,7210
Victor,71,Delta,Indonesia,112.39108,-7.0807005,1996
Bravo,65,Golf,China,116.429948,28.213424,5142
Tango,105,Charlie,Honduras,-88.831192,14.84712,357
Echo,136,Mike,Philippines,124.4239533,7.2772133,1334
November,54,Victor,Indonesia,110.7614166,-7.5289363,3563
Alpha,104,Charlie,Sweden,14.849374,56.1748458,7819
Hotel,171,Lima,Afghanistan,68.8663,33.24001,8569
India,65,November,Poland,16.2304168,50.4333399,1138
Quebec,185,Whiskey,Comoros,44.4252603,-12.1349328,6412
Echo,145,Papa,Mexico,-99.0591821,19.3376878,9961
Uniform,117,X-Ray,China,114.972769,27.098536,8303
Echo,138,Echo,Bhutan,89.3833329,26.966667,4734
Golf,197,Mike,Colombia,-76.167375,4.168711,841
Alpha,13,Tango,China,115.932899,27.999411,985
Delta,77,Quebec,Nigeria,6.7815237,4.6845489,7800
Quebec,44,Bravo,Argentina,-58.5501558,-34.6730937,330
Juliett,151,Lima,Czech Republic,16.9171327,49.0410029,3782
Papa,187,Hotel,Argentina,-65.2825779,-26.2304116,9032
Mike,1,Uniform,Sweden,15.290983,56.196934,1993
Kilo,117,Whiskey,Indonesia,123.5972913,-10.1749134,1203
Delta,36,Zulu,China,112.5841075,28.8876615,7454
Charlie,17,Zulu,France,2.6618245,48.8383589,5571
Uniform,16,Sierra,Brazil,-40.7357215,-20.8420055,1657
Romeo,150,Quebec,Philippines,123.477572,9.618277,5754
Mike,139,Delta,Finland,27.7904218,62.5013857,1963
Charlie,81,Alpha,France,3.199309,45.742007,3773
Uniform,139,Alpha,France,2.333434,48.8834042,735
Papa,10,Hotel,Poland,21.631951,52.4782901,9321
Delta,163,Echo,Peru,-71.8230371,-17.1406793,8283
Echo,137,Oscar,Russia,62.547128,54.9897886,8176
Golf,23,X-Ray,China,-95.5216667,30.0747701,39
Tango,34,Delta,Russia,48.5429875,57.4570045,5212
Papa,119,X-Ray,Indonesia,100.8162,2.157713,4755
Tango,105,Juliett,Russia,38.7015857,44.3264928,6291
India,38,Foxtrot,Indonesia,110.1402594,-7.150975,5435
Lima,15,Mike,Colombia,-73.5425659,9.201062,1446
Victor,115,Tango,Greece,22.9989148,41.2612832,2700
Sierra,163,Kilo,Indonesia,113.8614481,-7.1293653,5435
Foxtrot,35,Sierra,Poland,19.8841425,53.132085,6684
India,110,Alpha,Democratic Republic of the Congo,19.5865629,-4.061738,2067
Juliett,92,Zulu,Indonesia,122.1348629,-8.690455,8710
Whiskey,135,Echo,Thailand,101.2804075,6.5411018,4135
Quebec,172,Zulu,Panama,-80.8460822,8.0828988,9440
India,100,Sierra,Greece,23.2215193,40.2608574,5689
Bravo,152,Whiskey,Dominica,-61.45814,15.5561791,2754
Golf,102,November,Colombia,-76.01598,3.5737543,5599
Yankee,127,Hotel,Philippines,125.2122777,9.0072301,9193
X-Ray,9,Lima,Sweden,12.9108819,55.8569131,5985
Bravo,197,Sierra,Indonesia,122.6898986,-8.5713352,1220
Delta,83,Foxtrot,Russia,104.1948978,56.6175886,5599
Golf,11,Echo,Denmark,12.5444055,55.6780762,4624
Romeo,193,Quebec,Hong Kong,114.1587983,22.2799907,6732
Juliett,30,Kilo,Brazil,-34.8277651,-7.8815605,356
Uniform,103,Romeo,Indonesia,107.7517775,-6.7686246,8907
Uniform,186,November,Indonesia,108.7971149,-7.3268042,6234
Zulu,131,Tango,Macedonia,21.2277415,41.0417485,7128
Foxtrot,21,India,Argentina,-68.0439522,-38.9719333,6085
Tango,84,Charlie,Yemen,43.55633,15.63981,7577
Oscar,116,Quebec,Portugal,-8.7921961,37.8540608,1037
Papa,7,Sierra,Ecuador,-78.6965972,-0.9583345,3537
Uniform,42,Juliett,France,3.8379578,46.7713478,5180
November,109,Charlie,Iran,54.578097,31.7640178,4860
Echo,105,Charlie,Philippines,121.1394301,13.9894141,4858
Echo,13,Romeo,Philippines,122.535945,10.770555,6692
Romeo,144,Tango,United States,-95.9673967,41.2418116,9374
Victor,129,Bravo,Brazil,-40.0810267,-7.8808775,2549
Quebec,112,Lima,China,129.508945,42.891255,916
Charlie,29,November,Philippines,123.876049,10.3689319,8598
Mike,98,X-Ray,France,-0.7609009,48.0762327,5052
Sierra,187,Delta,United States,-102.4953899,31.8840886,3440
Delta,83,Victor,China,107.369453,32.820372,9971
Victor,56,Foxtrot,Mozambique,33.4607744,-19.1054879,3891
Oscar,188,Delta,Indonesia,108.6235004,-6.8016236,5534
Golf,81,Uniform,Portugal,-8.8779873,38.919391,5657
Oscar,184,Yankee,Ireland,-6.1191333,53.1915379,5504
Juliett,175,Yankee,Indonesia,115.1417784,-8.5894351,1020
Zulu,188,India,Thailand,99.1677572,18.7486554,4901
Echo,47,Sierra,France,4.0057868,44.0570174,8126
Charlie,73,Bravo,Afghanistan,65.23055,35.70178,8715
Echo,108,Foxtrot,Poland,17.8948288,54.3483636,4648
X-Ray,105,Quebec,Portugal,-8.3569915,41.4981839,7231
Sierra,65,Bravo,Venezuela,-66.2575425,9.338241,3141
Papa,135,Alpha,France,2.586253,48.840109,8243
Uniform,41,Yankee,Brazil,-39.6724573,-13.9468358,6952
Sierra,85,Sierra,Portugal,-8.7316491,39.7034754,9015
Hotel,109,Alpha,Sweden,17.2870792,62.4144225,6385
Oscar,7,Victor,Philippines,121.92404,12.309606,164
Foxtrot,160,Papa,China,113.176433,37.895325,2628
Golf,65,Zulu,Poland,19.8841425,53.132085,7840
Victor,106,Foxtrot,China,106.221144,34.6911,2793
Papa,83,November,Russia,56.3442985,51.7920503,5314
Yankee,64,Uniform,Peru,-73.083333,-14.216667,184
Mike,169,Lima,Indonesia,111.7018452,-8.1264039,9828
Hotel,92,Golf,Israel,35.065976,31.962594,5304
Uniform,148,Victor,Czech Republic,17.2899103,49.2549921,2727
Sierra,172,Kilo,China,113.39277,22.517585,91
Yankee,14,Yankee,China,117.8333333,30.4333333,5355
Romeo,144,Papa,Indonesia,112.9148168,-7.6385033,7953
Quebec,98,Bravo,Philippines,120.9956398,14.6291821,8913
Mike,71,Bravo,Sweden,18.0626161,59.31257,5045
Uniform,160,Oscar,Malaysia,101.6935065,3.1121428,513
Victor,149,Victor,Hungary,21.6927245,47.9527415,166
Echo,11,X-Ray,Russia,37.864193,55.6271504,6004
Zulu,107,Golf,Vietnam,105.7233814,21.3325846,4230
Hotel,37,Hotel,Poland,20.9706537,52.3310677,3785
Romeo,149,Bravo,Indonesia,108.0509743,-7.5229136,6786
Delta,154,Golf,Albania,19.909723,42.095742,5144
Sierra,127,Yankee,China,105.114764,25.876232,6971
Kilo,12,Whiskey,Vietnam,106.3228338,10.7006857,4648
Oscar,97,Quebec,China,-3.6721577,40.425649,1121
Oscar,66,Zulu,Bangladesh,88.8982666,25.7829542,8011
Bravo,52,Romeo,Portugal,-8.3620667,41.4956796,715
Mike,56,Whiskey,Brazil,-51.8677296,-21.3653841,2259
Hotel,191,Kilo,Ethiopia,38.3745149,8.116779,6751
Bravo,21,Bravo,New Zealand,171.0279044,-44.284437,5748
Victor,184,Whiskey,China,113.228291,23.101153,4840
Golf,70,India,Ukraine,32.8797802,51.3412504,6516
Hotel,74,Victor,China,116.430668,39.934201,212
Sierra,24,Kilo,Nigeria,3.8171953,10.436633,9460
Tango,169,Lima,Honduras,-87.940833,14.6060279,6994
Foxtrot,154,Whiskey,Norway,5.3446343,60.3560649,3536
Foxtrot,114,Alpha,China,107.904186,22.635012,8713
Alpha,30,Zulu,Sweden,17.9879854,59.2689705,4191
Uniform,57,Whiskey,China,112.497228,27.955261,9891
Mike,172,X-Ray,Japan,135.7636857,34.4516463,9274
Lima,72,Foxtrot,Bermuda,-64.7858887,32.2945837,7371
Uniform,102,Romeo,China,119.716535,31.637714,4867
Foxtrot,56,Kilo,China,103.374576,23.36225,6810
Uniform,51,X-Ray,Portugal,-6.9617993,41.5370005,1262
Kilo,54,India,Philippines,125.3448026,6.596349,3531
Tango,157,Charlie,China,123.355701,42.741005,4323
Delta,113,Papa,Albania,20.4425942,41.0826078,1671
Juliett,109,Delta,Sweden,14.7061761,57.6624125,9940
Echo,15,Kilo,Indonesia,115.1177654,-8.3941828,3960
Quebec,64,Tango,Iceland,-18.1061726,65.691125,1838
November,86,Lima,China,111.993497,27.700062,4064
Hotel,57,Oscar,Brazil,-35.2697802,-7.2787651,4407
Zulu,63,Quebec,Indonesia,114.598171,-3.32192,4721
Romeo,25,Victor,Mali,-10.5718086,15.1199067,4759
Delta,170,Golf,Ukraine,24.3454482,50.0994726,6575
Uniform,124,India,Myanmar,95.177098,16.6032044,9740
Hotel,120,Alpha,Sweden,18.3427724,59.4015532,4087
Echo,65,India,China,106.825301,28.133231,2933
Oscar,27,Quebec,China,117.9249002,35.8939566,3845
Oscar,179,India,China,101.527027,24.983953,1934
India,29,Oscar,El Salvador,-89.5002027,13.9051904,675
November,130,Kilo,Indonesia,112.5632485,-7.9017349,9800
November,128,Delta,Russia,37.4864125,55.9353544,6895
Kilo,116,Zulu,Ukraine,30.1310853,49.7967977,199
Victor,143,Kilo,Indonesia,124.97444,1.48833,707
Papa,157,Romeo,Ukraine,33.6817424,50.1837815,9797
Papa,149,November,Russia,46.6107277,57.6734511,4258
Whiskey,146,Bravo,China,113.197169,23.03616,1646
Victor,154,Romeo,China,111.769893,37.261564,380
Yankee,60,Bravo,Indonesia,123.2293021,-8.3864643,7790
Victor,12,Alpha,China,106.908966,32.930738,1651
Bravo,74,Oscar,Japan,129.9735343,32.8744365,5111
November,134,India,Ethiopia,34.5915966,8.2471899,9174
Juliett,135,Charlie,Indonesia,115.6162,-8.4513,1579
Oscar,170,X-Ray,China,120.1245708,30.2827181,984
Zulu,156,Golf,Morocco,-3.9317468,35.2445589,4812
Alpha,92,Uniform,Indonesia,124.5163,-9.8502,9164
Delta,48,Mike,Brazil,-48.653927,-27.633137,3748
Mike,24,Oscar,United States,-89.8500299,35.1002148,2545
Zulu,83,Whiskey,Indonesia,106.842169,-6.254778,1882
Victor,3,Whiskey,China,120.649341,31.463475,7991
Victor,66,Tango,Slovenia,15.5784672,46.3141609,1356
Romeo,35,Charlie,China,116.293767,37.690551,1564
Romeo,45,Whiskey,Poland,16.39454,52.5725229,4629
Whiskey,182,Quebec,Russia,46.3741404,43.531892,6486
Zulu,169,Quebec,Philippines,122.907,13.573,6119
X-Ray,3,Quebec,Peru,-75.164368,-12.23146,218
Lima,84,Quebec,Portugal,-9.0820766,38.6125141,2546
Bravo,104,Quebec,Russia,135.0579895,48.2216224,3509
Zulu,130,Charlie,Sweden,13.8583744,58.4755075,5326
India,28,Quebec,Israel,35.396231,32.694081,9587
Zulu,85,Romeo,Indonesia,114.0369075,-7.7076152,7991
Bravo,149,Golf,Portugal,-9.3779954,38.769738,2430
Alpha,39,Delta,China,110.70434,29.26008,3013
Tango,141,Papa,China,116.604574,24.848984,6382
Romeo,132,Mike,Poland,21.8951181,50.756497,3030
Zulu,139,Papa,China,116.317558,39.975999,5643
Zulu,55,Mike,Oman,58.1252383,23.4069561,6766
Yankee,108,Echo,China,105.236903,30.594336,9370
Delta,82,Foxtrot,Canada,-73.564543,45.5080397,2779
Hotel,152,Bravo,Kazakhstan,70.455208,43.1780169,7497
Kilo,157,Yankee,Chile,-72.4541343,-38.5084312,8813
Juliett,70,Bravo,El Salvador,-88.5299428,13.4960361,7985
Kilo,176,Delta,New Zealand,171.3169384,-43.2098678,9059
Papa,148,India,Nigeria,6.5863469,12.5951892,1501
Yankee,155,Sierra,Syria,36.7442377,34.1540161,6531
Juliett,179,Foxtrot,Indonesia,100.59082,2.06823,9894
Bravo,138,Juliett,Philippines,120.3186429,15.8785099,3435
Whiskey,187,Juliett,Indonesia,126.7496264,4.4529473,5313
Foxtrot,48,X-Ray,United States,-117.5731991,33.8781886,9919
Quebec,78,Zulu,Indonesia,100.1192169,-0.6311749,7193
Delta,104,Uniform,Serbia,21.0489533,43.4604716,2258
X-Ray,81,Juliett,France,2.4882911,48.7980515,2040
Hotel,195,Victor,Indonesia,106.8768415,-6.7387737,9126
Sierra,41,Romeo,Indonesia,112.4401329,-7.4704747,210
Papa,183,Oscar,Guinea,-13.3067562,12.4894021,806
Quebec,109,Hotel,Palestinian Territory,35.08287,32.0671,5061
Bravo,24,Papa,Philippines,122.66667,10.91667,4655
Uniform,114,Bravo,Croatia,15.7667685,43.8499847,8901
November,7,Oscar,Colombia,-75.329557,5.902266,7610
Charlie,108,Papa,Sweden,18.0754478,59.3409179,5137
Alpha,68,Charlie,United States,-74.1650991,40.7758541,2563
India,114,Foxtrot,Germany,8.4060268,48.9728482,4790
November,172,Foxtrot,Venezuela,-72.3607108,7.6988579,7579
Oscar,19,Whiskey,Canada,-124.3136411,49.3193375,8054
November,125,X-Ray,Brazil,-47.5925952,-20.8933441,3299
Papa,13,Mike,Indonesia,120.3896651,-8.6796987,8344
Charlie,126,Romeo,North Korea,124.4489192,40.0823213,6865
Uniform,93,India,Bulgaria,23.2730306,42.6997116,569
Victor,151,Golf,China,121.931606,29.202542,2485
X-Ray,68,Zulu,Uzbekistan,69.6810338,41.2947756,8469
Delta,11,Hotel,Togo,1.5281253,6.3336659,1223
Tango,180,Hotel,Indonesia,115.5672264,-8.5083726,1803
Uniform,70,Sierra,Peru,-77.069999,-12.0904353,6150
Tango,57,X-Ray,Indonesia,107.61049,-6.921773,8662
Victor,43,Golf,Ukraine,23.5488713,49.9742883,5452
X-Ray,138,X-Ray,Indonesia,108.1682147,-6.7654544,6593
Foxtrot,131,Romeo,Poland,20.4549189,50.0751569,2753
Kilo,120,Kilo,Senegal,-16.2728091,14.2445365,2485
Mike,124,Romeo,Mexico,-99.1395519,19.4146406,5369
Mike,184,Echo,Yemen,44.29048,16.5544,135
X-Ray,102,November,Ukraine,34.1121629,44.4353271,8204
India,91,November,Mexico,-99.0550357,19.6031486,6812
Romeo,163,Whiskey,Philippines,123.1156361,11.5521428,3625
Yankee,32,X-Ray,China,126.049702,44.988449,6906
Zulu,33,Charlie,Kenya,40.9006408,-2.2695575,1869
Hotel,78,Golf,China,112.677965,23.04421,5455
Whiskey,44,Golf,United Kingdom,-4.2494388,55.8709949,540
Juliett,144,Hotel,China,118.041444,24.629264,6092
November,37,Whiskey,China,115.027634,23.067896,7968
Mike,194,Oscar,Ivory Coast,-6.482318,9.5183617,6278
Foxtrot,155,Charlie,China,118.331054,29.963494,3663
Lima,162,Bravo,Norway,14.418571,67.286069,271
Victor,23,Charlie,Greece,22.8592838,37.1672767,5459
Romeo,169,Whiskey,Bangladesh,89.3701078,24.8435589,8462
Mike,149,Kilo,Sierra Leone,-11.1914,8.2596,8615
Oscar,172,Romeo,China,120.395912,36.068172,856
Zulu,72,Charlie,China,120.0907688,30.8783105,1703
Golf,29,Victor,Indonesia,121.7238208,-8.7636824,772
Oscar,96,Whiskey,Indonesia,106.0799,-6.26,3065
Alpha,118,Alpha,China,89.099242,29.68233,3804
Juliett,170,Hotel,China,86.242359,46.342574,3150
Juliett,48,Kilo,Indonesia,113.9250575,-7.0408631,2858
Foxtrot,182,Whiskey,Ireland,-6.4241156,53.7369009,2074
Charlie,176,Mike,Canada,-114.63532,51.8001,3140
November,132,Foxtrot,Albania,20.084422,41.8561861,3658
Whiskey,108,Foxtrot,China,107.766613,32.983101,4903
Foxtrot,104,Bravo,Indonesia,112.3188749,-7.1856094,6987
Mike,58,Kilo,Nigeria,8.3088441,8.5705151,6024
India,139,Kilo,Nigeria,7.9127945,5.0377396,7106
Bravo,69,Kilo,Indonesia,111.6556388,-7.5450262,9290
Yankee,64,Lima,China,112.29102,24.497798,5376
Oscar,138,Bravo,Mali,-2.9550619,15.0045218,1248
Echo,152,Yankee,Portugal,-8.6503807,40.7489536,1663
Zulu,177,Alpha,France,2.2889821,48.732568,1977
Hotel,81,Quebec,France,2.16555,48.911035,1977
Kilo,67,X-Ray,China,87.450703,47.100283,3350
Tango,117,Zulu,Gambia,-15.2589778,13.4686603,8803
Lima,128,Charlie,Canada,-72.9507829,46.252804,1538
November,18,Yankee,Russia,33.6201069,61.6972353,6432
Zulu,93,Tango,Indonesia,109.2251697,-7.4394897,1574
November,109,Zulu,Indonesia,119.4717,-9.7028,8650
Juliett,147,Lima,Ethiopia,38.7211079,7.92772,7220
Foxtrot,114,Sierra,Philippines,121.71871,18.04406,7283
Uniform,156,Hotel,Morocco,-7.5057737,32.7668648,281
Sierra,131,Uniform,Panama,-80.679207,8.438605,5686
Echo,30,Tango,Nigeria,12.2416715,9.2894242,3453
Hotel,14,Charlie,Russia,48.577155,54.3924957,6135
Kilo,178,Bravo,Greece,22.6037501,40.4159844,2542
India,185,Juliett,Japan,140.0636977,35.8886106,4555
X-Ray,19,Oscar,Sweden,15.6592291,58.3963779,5324
Papa,71,Bravo,Mexico,-101.1833267,20.123518,1208
Hotel,150,Bravo,Indonesia,115.1547554,-8.6870993,4041
Delta,50,India,China,112.540463,29.531057,4143
Golf,14,Alpha,Philippines,120.5201733,14.8827263,4250
Echo,78,Foxtrot,Armenia,44.9618132,40.5484721,3522
Victor,128,Delta,Indonesia,107.7458559,-7.382645,3802
Juliett,23,Oscar,Czech Republic,17.5857567,49.5271178,6651
Juliett,173,Whiskey,China,117.2630206,39.1921745,2506
Mike,35,Juliett,Russia,108.9418923,51.1490898,8121
Victor,66,Tango,Portugal,-8.8183159,41.8401694,4146
Lima,43,Zulu,China,115.865746,34.393136,3524
Bravo,127,Mike,Sweden,14.1650902,57.7470467,5397
X-Ray,138,Hotel,Finland,25.5341339,65.2012319,3260
Whiskey,186,Romeo,Ukraine,25.431687,48.8109783,3522
Hotel,168,Whiskey,China,6.7866433,51.2262018,4748
X-Ray,122,Alpha,Philippines,124.802831,8.748114,9565
Romeo,171,Juliett,Cameroon,13.2923232,4.9224556,365
Oscar,102,Lima,China,113.329871,28.505971,6400
Whiskey,24,Juliett,Democratic Republic of the Congo,29.1913918,-5.9127393,4254
Delta,193,India,Russia,133.86495,44.16652,5164
Quebec,41,Foxtrot,China,114.057865,22.543096,1261
India,18,Mike,Portugal,-7.7085755,38.3089089,6176
X-Ray,7,Juliett,Ukraine,33.5941067,45.1310529,9319
Oscar,180,Charlie,China,122.1250106,40.2538143,3493
Juliett,23,Zulu,France,2.1415644,48.799627,2343
Whiskey,41,Bravo,Burundi,29.8265492,-2.9083521,9941
Mike,54,Echo,Philippines,123.7786689,8.0186646,1930
Bravo,56,Charlie,Brazil,-47.2997218,-23.2652376,7774
X-Ray,108,X-Ray,China,122.207215,29.985295,6450
Romeo,45,India,Niger,3.4548833,11.8852599,7582
Golf,114,Juliett,Norway,6.2512238,62.4658095,3818
Victor,53,Yankee,Brazil,-49.2254535,-25.5096271,4898
Quebec,69,Bravo,Poland,22.6229733,52.3608501,6961
Uniform,13,Zulu,China,125.697103,44.395234,2118
Charlie,196,Juliett,Lithuania,21.017718,55.317303,4583
Foxtrot,153,Kilo,Brazil,-49.2246518,-21.4649748,8072
Tango,110,Sierra,Indonesia,115.036705,-8.152161,8326
Hotel,190,Foxtrot,Philippines,122.5024428,10.6993883,7891
Alpha,19,Golf,Portugal,-8.0551029,40.6563433,5600
X-Ray,19,X-Ray,China,116.187145,23.742497,2002
Oscar,200,Echo,Bosnia and Herzegovina,18.7494454,44.4635116,9247
Tango,147,Papa,France,7.0523637,48.7336014,9914
Yankee,170,November,China,119.7889248,33.1401715,5805
X-Ray,94,X-Ray,China,116.157387,23.759956,7289
November,174,Whiskey,Ukraine,35.1582225,50.0620325,1830
Foxtrot,193,Alpha,Pakistan,72.4156898,31.5769405,6151
Delta,189,Golf,Russia,41.9106435,43.8231125,9847
Lima,62,Alpha,China,123.344062,41.664757,6653
Mike,140,Quebec,Greece,23.9232894,38.2238615,731
Hotel,104,Charlie,Egypt,32.5522304,25.2898918,4363
Juliett,8,Oscar,Russia,32.4242426,54.4185233,4191
Echo,28,Hotel,Indonesia,112.475502,-6.968354,3881
Zulu,89,Zulu,United States,-111.66,40.2299999,2604
Uniform,177,Zulu,Indonesia,112.1107297,-8.0936589,1203
Lima,116,Delta,Indonesia,99.5339744,3.1638781,7213
Foxtrot,2,Golf,China,113.993115,22.974898,9442
Juliett,172,November,Thailand,104.4024704,15.8359591,6915
Foxtrot,193,Romeo,Poland,14.96923,53.00338,4439
Oscar,61,Charlie,Peru,-70.3628516,-15.3612378,5557
Charlie,196,Lima,Brazil,-39.734338,-17.0656965,7321
Romeo,110,Papa,Greece,21.7838411,38.1087967,5603
Alpha,166,Papa,Guinea-Bissau,-16.1669156,12.2732631,1670
Uniform,12,Juliett,Indonesia,106.5202368,-6.1317103,6047
Juliett,105,Juliett,Indonesia,111.4182,-8.1879,9499
November,38,Echo,Greece,21.538589,39.3552067,6764
Oscar,141,Delta,Poland,14.7015401,52.746302,2658
Alpha,94,Tango,Ukraine,30.7373521,50.1381207,2663
Golf,141,Bravo,Russia,41.0643386,56.7279731,7563
Bravo,134,Echo,China,113.606055,26.559358,4304
Romeo,122,Alpha,Russia,47.6332811,42.1608572,7697
Romeo,32,Tango,Vietnam,106.7692013,10.9155965,9958
Oscar,134,Romeo,Laos,103.72671,18.56286,5036
Papa,27,Delta,Indonesia,112.7211714,-8.3083083,9562
Hotel,86,Zulu,Sweden,16.370548,56.6750878,9701
Alpha,137,Golf,Serbia,19.5665776,45.4048515,5509
Alpha,50,India,Philippines,123.6604152,7.929855,6200
Whiskey,75,Bravo,South Africa,26.5145058,-33.3117281,3826
Zulu,43,Juliett,Gambia,-16.6703963,13.4794397,1006
Alpha,71,Tango,France,-0.8453268,47.3752386,4860
Delta,126,Alpha,Russia,37.7673912,55.5807611,1842
Foxtrot,151,Kilo,China,-80.678518,35.069045,983
Zulu,126,Sierra,Argentina,-58.4373491,-34.6669709,8456
Lima,27,Victor,Brazil,-39.3932232,-14.2581428,7838
Victor,103,Zulu,Russia,44.0036677,56.2835999,3718
Mike,82,Echo,Russia,35.8136035,52.664639,6369
Charlie,8,Quebec,Ukraine,33.5458805,44.7771057,9197
Golf,56,Foxtrot,Dominican Republic,-70.6923348,19.4682476,7495
Yankee,169,Bravo,Czech Republic,13.9528289,50.6261682,6475
Sierra,178,Whiskey,Ukraine,25.7464148,48.9420658,2200
Romeo,90,X-Ray,Yemen,47.63339,15.52591,2806
Sierra,137,November,Philippines,121.8847222,13.3475852,1613
Lima,24,Quebec,Vietnam,106.6281901,10.7900517,4467
Alpha,113,Sierra,Bahamas,-78.640226,26.511966,8337
X-Ray,35,Golf,Brazil,-45.4447859,-19.157438,8025
Tango,106,Lima,Iran,52.5638794,28.8395155,9810
Bravo,21,Bravo,Ghana,-0.0513246,7.8014452,6404
Tango,43,November,China,110.496593,24.77848,8652
Zulu,131,Mike,Morocco,-9.0736964,31.2219543,8298
Victor,18,November,Egypt,31.2067851,30.1762897,7894
Charlie,127,Zulu,Portugal,-7.9159974,41.1544623,2831
X-Ray,182,India,China,104.802326,28.805453,2249
Victor,58,Yankee,Indonesia,113.5520176,-8.1992561,8733
Victor,148,Juliett,Vietnam,105.0089888,21.3410625,4458
Echo,165,Alpha,Tunisia,10.67397,35.70915,5791
Mike,7,Golf,Thailand,104.0304535,16.504382,7952
Zulu,89,Echo,China,117.430061,23.701262,8205
Delta,149,Hotel,Nigeria,4.8779969,6.7518524,2471
Juliett,56,Hotel,Argentina,-58.875663,-34.3714108,9628
Charlie,111,X-Ray,Argentina,-62.278743,-38.7239099,3887
Oscar,140,Kilo,China,110.309677,22.347589,592
November,36,Bravo,France,2.7104352,48.9097908,422
Romeo,73,Yankee,Cyprus,32.9705266,34.9407863,8495
Uniform,162,Bravo,Philippines,123.533832,8.519857,3938
Hotel,21,Foxtrot,Russia,37.3473833,55.9424359,6084
X-Ray,66,Papa,Argentina,-67.9800178,-38.9156735,5265
Delta,170,Mike,Norway,10.083357,59.021857,7657
Whiskey,111,Sierra,Indonesia,116.1329888,-8.5319945,8750
Romeo,166,Sierra,Argentina,-58.7034275,-34.7008122,609
Romeo,11,Mike,Maldives,73.5807606,2.9205384,6501
Echo,152,Whiskey,Finland,23.6314746,60.0528555,3131
Yankee,154,Sierra,Cyprus,33.8522923,35.0970715,9839
Delta,149,Quebec,China,121.015142,30.677233,458
X-Ray,93,Quebec,China,85.619416,44.326388,5541
Delta,8,Oscar,Bulgaria,24.7062087,42.5043656,9641
November,64,Yankee,Indonesia,96.884193,4.449797,7240
Delta,117,Uniform,China,104.747254,29.677333,2270
Zulu,107,Victor,Philippines,121.0065736,14.7049761,8322
Oscar,195,Lima,Argentina,-59.029959,-27.451456,2350
Delta,178,Sierra,Indonesia,105.6735131,-6.8083456,1810
Romeo,38,Zulu,Chile,-71.21667,-32.78333,1258
Romeo,186,Alpha,Paraguay,-54.7576819,-24.2481501,8132
Golf,53,Victor,China,105.255491,32.313822,1824
Foxtrot,39,Juliett,Norway,10.2246608,59.0953369,8489
Zulu,193,Alpha,Colombia,-72.189,6.8793892,7340
Foxtrot,7,Foxtrot,Portugal,-8.437181,40.9050121,9725
X-Ray,36,Alpha,Uganda,33.7098569,1.1706966,6214
Kilo,138,Hotel,Indonesia,107.454927,-6.403006,448
Oscar,62,Quebec,Slovenia,14.1692478,46.22544,871
Papa,129,X-Ray,Andorra,1.5147392,42.545625,8174
Hotel,28,Sierra,Colombia,-73.611665,8.305925,7244
Golf,92,X-Ray,Serbia,20.1955026,45.2911425,5792
Delta,162,Foxtrot,United States,-86.566246,34.6540922,474
Sierra,14,Alpha,Ukraine,30.7719233,46.6211188,7798
Uniform,140,Yankee,Sweden,23.639283,66.3884435,5460
Uniform,115,Bravo,Philippines,125.820626,9.541232,7078
Hotel,149,Papa,Portugal,-8.5462667,41.4578988,7538
India,83,Oscar,Yemen,43.333333,15.8,8104
Oscar,96,Zulu,Uganda,33.5728027,-0.2182982,3150
Hotel,62,Uniform,Ecuador,-78.60585,-0.931556,3834
Bravo,175,Juliett,Russia,31.6739899,56.2760278,8718
Golf,108,Bravo,Russia,39.6794042,56.5005833,5706
Alpha,150,Foxtrot,China,121.4737021,31.2303904,2425
Delta,84,Foxtrot,Czech Republic,14.4919392,50.9543498,9442
India,188,Whiskey,Philippines,124.5601,11.1867,821
Papa,25,Echo,Russia,31.997424,52.1683034,8957
Romeo,106,Hotel,Russia,89.52722,53.44972,1325
Delta,162,Kilo,Indonesia,115.0881146,-8.3004413,1398
Delta,155,Romeo,Malaysia,101.6858965,2.921263,4509
Charlie,197,Victor,China,105.729085,35.963912,98
Charlie,13,Sierra,Canada,-112.86856,49.41668,4592
Alpha,170,Whiskey,Guatemala,-91.4586872,14.8801218,358
Oscar,30,Victor,Rwanda,29.7368128,-2.6077503,1207
Victor,50,Bravo,Indonesia,114.2747123,-3.2930615,3805
Hotel,17,Lima,Philippines,123.3765,13.4633,5557
Papa,87,Lima,Indonesia,115.0159,-8.4635,1744
Oscar,160,Quebec,United States,-118.31,34.06,8271
Juliett,185,Echo,China,120.772494,30.044164,6212
Juliett,90,Delta,Brazil,-46.7575221,-23.3711864,4703
Juliett,128,Foxtrot,Brazil,-38.0850339,-5.1443118,969
Lima,34,Golf,China,115.1743446,38.1008157,4657
Mike,20,Oscar,China,115.038835,30.20003,2633
Delta,106,Alpha,Poland,21.9047783,49.8626967,2223
Quebec,71,Zulu,China,117.42361,39.81889,3980
Foxtrot,87,Romeo,Pakistan,71.486643,30.2102442,7597
Victor,68,Juliett,Iran,50.5239096,29.5692083,6834
Juliett,23,Kilo,Portugal,-8.4574423,41.5217223,5898
Sierra,64,Bravo,Afghanistan,68.9569399,34.5911393,1227
Charlie,116,Romeo,Indonesia,115.2401,-8.5988,2133
Tango,42,Juliett,Kazakhstan,80.250811,50.4233463,5461
Sierra,71,Whiskey,Greece,23.802873,37.8334351,159
India,74,Hotel,Ireland,-6.2429997,53.7902634,4714
Charlie,110,Yankee,South Africa,22.5345667,-33.3306976,3184
Juliett,192,X-Ray,Indonesia,106.7336319,-6.6579598,5749
Oscar,26,Whiskey,Tanzania,33.617577,-4.3562151,9069
India,49,Kilo,Philippines,125.042795,10.668154,2980
Romeo,71,Echo,China,81.324136,43.916823,106
India,64,November,Canada,-105.03443,51.85006,6783
Zulu,124,Sierra,France,2.3764372,43.4899263,5048
Kilo,154,Papa,Peru,-78.1721189,-8.1468836,7412
Victor,66,Kilo,France,-0.3696612,43.2916776,5761
Sierra,194,Delta,China,119.7889248,33.1401715,351
Foxtrot,145,Hotel,China,119.934764,31.471686,3487
Alpha,49,Oscar,Jordan,35.7047733,31.1853497,7460
Zulu,170,Juliett,China,123.44197,41.824796,6132
Victor,159,Foxtrot,Costa Rica,-85.325961,9.829638,8263
Foxtrot,87,Papa,China,109.781327,39.608266,9699
Papa,68,Delta,Ukraine,30.4372882,46.2519995,5655
Golf,151,Yankee,Belarus,24.4422029,53.1516417,1812
Bravo,22,Charlie,Czech Republic,14.5182806,49.8156952,942
Victor,46,Lima,Peru,-75.783333,-13.316667,1379
Yankee,60,Oscar,Macedonia,21.4232499,40.9921036,9930
Mike,11,Uniform,China,119.725587,30.318685,6655
Oscar,33,Victor,United States,-72.5766759,42.1014803,2209
Whiskey,1,Papa,Ukraine,36.25633,47.66389,9773
India,2,November,United States,-77.0380148,38.8991558,7370
Papa,130,Romeo,Egypt,30.69768,30.75782,7882
Alpha,103,Alpha,Russia,128.00932,50.65854,8499
Hotel,14,Delta,Indonesia,112.7295639,-7.232837,4975
Mike,1,Bravo,Russia,30.1775921,59.82941,5179
Oscar,137,Golf,Croatia,16.0446553,46.0261155,1554
India,4,Sierra,China,114.019351,22.656408,3128
Quebec,123,Tango,Morocco,-5.2841177,35.6196262,8737
Oscar,56,Romeo,Argentina,-58.5197163,-34.5926613,78
Mike,72,Juliett,Bulgaria,26.3391256,43.047003,9459
Yankee,14,Juliett,Honduras,-85.7692277,15.2120303,6381
Papa,18,Oscar,Brazil,-50.3730843,-16.521513,8707
Uniform,110,Zulu,Macedonia,21.4193769,40.9900603,3159
Foxtrot,80,X-Ray,Portugal,-8.2570282,42.0938285,779
Juliett,109,Mike,Indonesia,112.87907,-6.9812818,8191
Golf,57,Bravo,China,109.386682,34.158664,4595
Victor,84,Yankee,China,121.499673,31.239878,5559
Alpha,23,Romeo,Canada,-73.36585,45.08338,6525
X-Ray,2,Mike,China,122.509131,40.644621,4276
Lima,62,Romeo,Afghanistan,63.66681,32.61591,9994
Romeo,109,Lima,Russia,48.5236711,55.8697739,1992
Victor,145,Tango,Indonesia,121.2806,-8.8899,6816
Victor,156,Papa,Brazil,-35.3246769,-7.0655466,4635
Zulu,132,Foxtrot,Indonesia,106.4111425,-6.615755,4330
India,164,Quebec,China,113.264385,23.12911,1209
Tango,7,Hotel,Indonesia,108.4038672,-7.5363189,4276
Kilo,103,Kilo,China,116.3785,39.951705,9991
Yankee,24,Papa,China,117.799676,28.301938,1851
Mike,178,X-Ray,Philippines,124.0576816,12.7145722,834
Alpha,1,Romeo,Cuba,-76.9527836,20.957938,5521
Golf,127,Zulu,Russia,38.132545,55.7677139,6921
November,129,Uniform,China,122.243444,43.65289,5106
Juliett,123,Tango,France,-0.1518541,44.3324131,1279
X-Ray,155,Kilo,Philippines,121.92404,12.309606,5091
Golf,43,Tango,Cuba,-75.9289046,20.6482704,1975
November,53,Sierra,France,5.8978018,43.4945737,606
Victor,8,Zulu,Kiribati,172.9299068,1.3566345,1023
Whiskey,196,Golf,Ukraine,34.5260962,49.823894,8314
Zulu,85,Sierra,Ireland,-6.1097188,53.3895926,3798
Papa,28,Hotel,Russia,38.95423,55.87784,949
Charlie,134,Kilo,Indonesia,105.6647142,-5.7421752,7337
Victor,5,Mike,Brazil,-48.8041532,-22.6031668,1250
Yankee,193,Uniform,Ivory Coast,-6.4769877,7.3750631,7565
Sierra,30,Delta,China,121.315718,31.058765,8700
Yankee,54,Victor,Portugal,-8.3745717,39.3297421,2620
Quebec,37,Alpha,Russia,29.4885599,59.4430147,2969
Foxtrot,142,Mike,Indonesia,110.1209019,-7.3677628,8936
Romeo,94,India,China,116.144417,37.868872,8945
Echo,102,India,Portugal,-9.2729402,39.0961273,7484
Quebec,191,Foxtrot,Madagascar,47.3266162,-19.6513424,1278
India,97,Uniform,Kyrgyzstan,74.8448648,42.8883195,8219
Quebec,57,Sierra,Peru,-74.3132878,-13.9448918,6544
Victor,48,Quebec,China,99.161761,25.112046,9121
Mike,21,Echo,Iran,60.3732653,25.4039407,9834
Oscar,71,Victor,Nigeria,5.0963141,8.1402266,5635
Bravo,85,Hotel,United States,-81.38,28.54,4875
Quebec,170,Oscar,France,2.8002946,47.3591366,8089
November,85,Whiskey,Russia,39.9363328,47.7557543,649
Quebec,46,Golf,Luxembourg,6.4641645,49.7514502,3685
Echo,76,Echo,Poland,17.6900802,52.1705764,2318
X-Ray,171,Sierra,China,121.549925,38.876483,6096
Uniform,59,Lima,Russia,36.22461,52.27994,8078
Hotel,146,Juliett,Armenia,44.6942731,39.8551211,2583
Tango,116,Oscar,Ireland,-9.159604,53.302644,5061
Sierra,59,Oscar,China,113.993115,22.974898,9812
Bravo,163,Tango,Tunisia,10.89046,35.64773,4719
Papa,43,Bravo,Uzbekistan,66.6503928,39.9320083,4042
Romeo,6,Alpha,China,130.297964,47.349916,2076
Kilo,125,Echo,Uganda,30.8125638,0.9400761,1627
Papa,67,Golf,Colombia,-75.958017,4.9497479,2915
Lima,159,Victor,Pakistan,74.3988615,32.4487329,2168
Sierra,13,Zulu,Indonesia,106.3011265,-6.7654881,149
Alpha,70,Papa,Indonesia,111.0683954,-6.5489311,2513
Delta,83,Delta,Indonesia,109.0007407,-7.7194317,7943
Whiskey,189,Zulu,China,111.012675,22.0462137,4296
Zulu,59,India,Greece,23.633333,41.1,5577
Yankee,164,X-Ray,Poland,14.8924044,53.1460852,8685
Papa,103,Zulu,Papua New Guinea,143.9813542,-6.2615781,6156
Hotel,168,Quebec,Syria,37.0936867,36.4651868,7552
Echo,16,Hotel,Poland,17.649817,51.1146113,7055
Zulu,26,Uniform,China,107.752611,28.39571,9126
Golf,14,Echo,United States,-87.97,43,5989
Victor,175,Charlie,Thailand,101.0372376,5.7799851,7283
Delta,133,Quebec,France,1.3155028,47.594843,4931
Echo,36,Oscar,Vietnam,106.1110501,21.121444,1156
Juliett,139,Sierra,Andorra,1.5330732,42.5556547,6571
Golf,82,India,China,105.049027,27.8469,9111
India,110,Alpha,Argentina,-58.4614889,-34.7415815,5620
Kilo,164,Delta,Venezuela,-66.5581092,10.4597466,2547
Oscar,47,Kilo,Russia,58.677007,52.7189291,4447
Mike,73,Golf,Poland,23.586422,52.7456843,8638
Echo,152,Alpha,Indonesia,112.0574774,-7.837207,2031
Quebec,127,Uniform,Peru,-71.1693594,-14.3568964,3951
Zulu,174,Kilo,China,113.68437,25.549887,4488
Zulu,70,Yankee,France,-1.6807958,48.1504081,9285
Charlie,49,Alpha,Canada,-123.75903,49.47512,1238
Yankee,192,November,Democratic Republic of the Congo,28.817249,-2.4659779,5521
Echo,89,Hotel,United States,-96.0996978,41.2899133,4863
Victor,147,November,Pakistan,67.6288048,24.5412145,924
Uniform,15,Uniform,Ecuador,-80.2377078,-1.8197455,6142
Sierra,156,Hotel,Greece,23.125332,37.4132997,1433
Mike,131,Alpha,Italy,12.2400678,45.469429,208
Echo,41,Victor,Nigeria,8.0219738,6.1323473,2739
Hotel,51,Oscar,China,119.934764,31.471686,7587
Delta,173,Zulu,Belarus,27.8532022,54.2042169,5304
Juliett,54,Tango,Greece,23.8724272,38.0230869,8884
Bravo,49,Romeo,Indonesia,111.4007597,-8.037728,7038
Romeo,16,Yankee,China,104.0779484,30.6569282,3632
November,179,Victor,Slovenia,15.6550008,46.5222421,2799
Zulu,58,Oscar,Mexico,-101.4423451,20.9455701,1484
Juliett,39,Golf,Portugal,-8.4622869,41.0083753,1900
Kilo,69,Tango,China,92.051239,31.476202,4684
Whiskey,48,Golf,Peru,-71.794868,-17.1679082,7003
X-Ray,127,Bravo,Argentina,-58.487763,-34.5795379,218
November,49,Juliett,China,114.875333,33.465838,6019
Papa,153,Charlie,Greece,22.097651,39.335659,9660
Yankee,65,Papa,Indonesia,113.5996336,-7.0986081,97
Papa,151,Sierra,Indonesia,106.7895416,-6.2839964,3372
Hotel,132,Juliett,Tunisia,9.8431866,34.5773859,9606
Echo,63,Yankee,Luxembourg,6.1555655,49.8054141,6527
India,41,Foxtrot,Bangladesh,90.1194227,23.6150659,5985
Whiskey,116,Hotel,China,117.326355,25.242158,6486
Yankee,108,Echo,Peru,-71.3883439,-13.6270626,9825
Echo,51,Bravo,Indonesia,108.2257659,-7.003771,2250
Bravo,48,Foxtrot,Latvia,25.4597761,57.8852519,9869
Victor,191,Quebec,Japan,139.454829,36.095402,3912
Sierra,195,Mike,Russia,41.0836902,56.3615314,6162
Papa,188,Juliett,Philippines,118.0429566,8.9698573,2908
Lima,73,Delta,Russia,83.6056675,55.3040194,6561
Kilo,145,Delta,Serbia,20.0459853,45.6138162,6337
Papa,159,Alpha,Uganda,32.6673018,0.3353678,937
Romeo,107,Uniform,Burkina Faso,-3.4700327,12.4503003,346
Quebec,151,Uniform,Belarus,31.4779,53.9266,6143
November,64,Yankee,Croatia,18.6692248,45.1810672,7536
Victor,103,Delta,Poland,22.563616,52.6386769,8004
Hotel,27,Kilo,China,116.144417,37.868872,1799
Romeo,81,Papa,United States,-86.8320743,36.0802326,7807
Zulu,100,Mike,Portugal,-8.6170601,40.5854429,9335
Victor,80,Sierra,Philippines,120.7181765,17.5387106,4064
November,193,Zulu,Thailand,101.2818304,13.5820144,1128
